IndicatorCode,Indicator,ValueType,ParentLocationCode,ParentLocation,Location type,SpatialDimValueCode,Location,Period type,Period,IsLatestYear,Dim1 type,Dim1,Dim1ValueCode,Dim2 type,Dim2,Dim2ValueCode,Dim3 type,Dim3,Dim3ValueCode,DataSourceDimValueCode,DataSource,FactValueNumericPrefix,FactValueNumeric,FactValueUoM,FactValueNumericLowPrefix,FactValueNumericLow,FactValueNumericHighPrefix,FactValueNumericHigh,Value,FactValueTranslationID,FactComments,Language,DateModified
HWF_0001,"Medical doctors (per 10,000)",numeric,AFR,Africa,Country,TCD,Chad,Year,2021,false,,,,,,,,,,,,,0.56,,,,,,0.56,,"NHWA data portal, December 2025 update; https://apps.who.int/nhwaportal/",EN,2026-01-22T16:00:00.000Z
HWF_0001,"Medical doctors (per 10,000)",numeric,AFR,Africa,Country,TGO,Togo,Year,2021,false,,,,,,,,,,,,,0.57,,,,,,0.57,,"NHWA data portal, December 2025 update; https://apps.who.int/nhwaportal/",EN,2026-01-22T16:00:00.000Z
HWF_0001,"Medical doctors (per 10,000)",numeric,WPR,Western Pacific,Country,PNG,Papua New Guinea,Year,2021,false,,,,,,,,,,,,,0.63,,,,,,0.63,,"NHWA data portal, December 2025 update; https://apps.who.int/nhwaportal/",EN,2026-01-22T16:00:00.000Z
HWF_0001,"Medical doctors (per 10,000)",numeric,AFR,Africa,Country,BDI,Burundi,Year,2021,false,,,,,,,,,,,,,0.76,,,,,,0.76,,"NHWA data portal, December 2025 update; https://apps.who.int/nhwaportal/",EN,2026-01-22T16:00:00.000Z
HWF_0001,"Medical doctors (per 10,000)",numeric,AFR,Africa,Country,MOZ,Mozambique,Year,2021,false,,,,,,,,,,,,,0.82,,,,,,0.82,,"NHWA data portal, December 2025 update; https://apps.who.int/nhwaportal/",EN,2026-01-22T16:00:00.000Z
HWF_0001,"Medical doctors (per 10,000)",numeric,AFR,Africa,Country,ERI,Eritrea,Year,2021,false,,,,,,,,,,,,,0.85,,,,,,0.85,,"NHWA data portal, December 2025 update; https://apps.who.int/nhwaportal/",EN,2026-01-22T16:00:00.000Z
HWF_0001,"Medical doctors (per 10,000)",numeric,AFR,Africa,Country,CAF,Central African Republic,Year,2021,false,,,,,,,,,,,,,0.87,,,,,,0.87,,"NHWA data portal, December 2025 update; https://apps.who.int/nhwaportal/",EN,2026-01-22T16:00:00.000Z
HWF_0001,"Medical doctors (per 10,000)",numeric,AFR,Africa,Country,KEN,Kenya,Year,2021,false,,,,,,,,,,,,,0.98,,,,,,0.98,,"NHWA data portal, December 2025 update; https://apps.who.int/nhwaportal/",EN,2026-01-22T16:00:00.000Z
HWF_0001,"Medical doctors (per 10,000)",numeric,AFR,Africa,Country,SEN,Senegal,Year,2021,false,,,,,,,,,,,,,0.99,,,,,,0.99,,"NHWA data portal, December 2025 update; https://apps.who.int/nhwaportal/",EN,2026-01-22T16:00:00.000Z
HWF_0001,"Medical doctors (per 10,000)",numeric,AFR,Africa,Country,ETH,Ethiopia,Year,2021,false,,,,,,,,,,,,,1,,,,,,1,,"NHWA data portal, December 2025 update; https://apps.who.int/nhwaportal/",EN,2026-01-22T16:00:00.000Z
HWF_0001,"Medical doctors (per 10,000)",numeric,AFR,Africa,Country,BFA,Burkina Faso,Year,2021,false,,,,,,,,,,,,,1.01,,,,,,1.01,,"NHWA data portal, December 2025 update; https://apps.who.int/nhwaportal/",EN,2026-01-22T16:00:00.000Z
HWF_0001,"Medical doctors (per 10,000)",numeric,AFR,Africa,Country,GMB,Gambia,Year,2021,false,,,,,,,,,,,,,1.04,,,,,,1.04,,"NHWA data portal, December 2025 update; https://apps.who.int/nhwaportal/",EN,2026-01-22T16:00:00.000Z
HWF_0001,"Medical doctors (per 10,000)",numeric,AFR,Africa,Country,RWA,Rwanda,Year,2021,false,,,,,,,,,,,,,1.21,,,,,,1.21,,"NHWA data portal, December 2025 update; https://apps.who.int/nhwaportal/",EN,2026-01-22T16:00:00.000Z
HWF_0001,"Medical doctors (per 10,000)",numeric,AFR,Africa,Country,CMR,Cameroon,Year,2021,false,,,,,,,,,,,,,1.26,,,,,,1.26,,"NHWA data portal, December 2025 update; https://apps.who.int/nhwaportal/",EN,2026-01-22T16:00:00.000Z
HWF_0001,"Medical doctors (per 10,000)",numeric,AFR,Africa,Country,GHA,Ghana,Year,2021,false,,,,,,,,,,,,,1.28,,,,,,1.28,,"NHWA data portal, December 2025 update; https://apps.who.int/nhwaportal/",EN,2026-01-22T16:00:00.000Z
HWF_0001,"Medical doctors (per 10,000)",numeric,AFR,Africa,Country,CIV,Cote d'Ivoire,Year,2021,false,,,,,,,,,,,,,1.67,,,,,,1.67,,"NHWA data portal, December 2025 update; https://apps.who.int/nhwaportal/",EN,2026-01-22T16:00:00.000Z
HWF_0001,"Medical doctors (per 10,000)",numeric,AFR,Africa,Country,LBR,Liberia,Year,2021,false,,,,,,,,,,,,,1.69,,,,,,1.69,,"NHWA data portal, December 2025 update; https://apps.who.int/nhwaportal/",EN,2026-01-22T16:00:00.000Z
HWF_0001,"Medical doctors (per 10,000)",numeric,AFR,Africa,Country,COD,Democratic Republic of the Congo,Year,2021,false,,,,,,,,,,,,,1.71,,,,,,1.71,,"NHWA data portal, December 2025 update; https://apps.who.int/nhwaportal/",EN,2026-01-22T16:00:00.000Z
HWF_0001,"Medical doctors (per 10,000)",numeric,EMR,Eastern Mediterranean,Country,YEM,Yemen,Year,2021,false,,,,,,,,,,,,,1.74,,,,,,1.74,,"NHWA data portal, December 2025 update; https://apps.who.int/nhwaportal/",EN,2026-01-22T16:00:00.000Z
HWF_0001,"Medical doctors (per 10,000)",numeric,AFR,Africa,Country,ZWE,Zimbabwe,Year,2021,false,,,,,,,,,,,,,1.77,,,,,,1.77,,"NHWA data portal, December 2025 update; https://apps.who.int/nhwaportal/",EN,2026-01-22T16:00:00.000Z
HWF_0001,"Medical doctors (per 10,000)",numeric,SEAR,South-East Asia,Country,LKA,Sri Lanka,Year,2021,false,,,,,,,,,,,,,11.44,,,,,,11.44,,"NHWA data portal, December 2025 update; https://apps.who.int/nhwaportal/",EN,2026-01-22T16:00:00.000Z
HWF_0001,"Medical doctors (per 10,000)",numeric,EMR,Eastern Mediterranean,Country,PAK,Pakistan,Year,2021,false,,,,,,,,,,,,,11.6,,,,,,11.6,,"NHWA data portal, December 2025 update; https://apps.who.int/nhwaportal/",EN,2026-01-22T16:00:00.000Z
HWF_0001,"Medical doctors (per 10,000)",numeric,EMR,Eastern Mediterranean,Country,TUN,Tunisia,Year,2021,false,,,,,,,,,,,,,13.15,,,,,,13.15,,"NHWA data portal, December 2025 update; https://apps.who.int/nhwaportal/",EN,2026-01-22T16:00:00.000Z
HWF_0001,"Medical doctors (per 10,000)",numeric,AMR,Americas,Country,VCT,Saint Vincent and the Grenadines,Year,2021,false,,,,,,,,,,,,,13.72,,,,,,13.72,,"NHWA data portal, December 2025 update; https://apps.who.int/nhwaportal/",EN,2026-01-22T16:00:00.000Z
HWF_0001,"Medical doctors (per 10,000)",numeric,AMR,Americas,Country,SUR,Suriname,Year,2021,false,,,,,,,,,,,,,14.66,,,,,,14.66,,"NHWA data portal, December 2025 update; https://apps.who.int/nhwaportal/",EN,2026-01-22T16:00:00.000Z
HWF_0001,"Medical doctors (per 10,000)",numeric,AMR,Americas,Country,SLV,El Salvador,Year,2021,false,,,,,,,,,,,,,14.87,,,,,,14.87,,"NHWA data portal, December 2025 update; https://apps.who.int/nhwaportal/",EN,2026-01-22T16:00:00.000Z
HWF_0001,"Medical doctors (per 10,000)",numeric,EMR,Eastern Mediterranean,Country,SYR,Syrian Arab Republic,Year,2021,false,,,,,,,,,,,,,15.21,,,,,,15.21,,"NHWA data portal, December 2025 update; https://apps.who.int/nhwaportal/",EN,2026-01-22T16:00:00.000Z
HWF_0001,"Medical doctors (per 10,000)",numeric,EUR,Europe,Country,KGZ,Kyrgyzstan,Year,2021,false,,,,,,,,,,,,,16.51,,,,,,16.51,,"NHWA data portal, December 2025 update; https://apps.who.int/nhwaportal/",EN,2026-01-22T16:00:00.000Z
HWF_0001,"Medical doctors (per 10,000)",numeric,AMR,Americas,Country,PER,Peru,Year,2021,false,,,,,,,,,,,,,16.73,,,,,,16.73,,"NHWA data portal, December 2025 update; https://apps.who.int/nhwaportal/",EN,2026-01-22T16:00:00.000Z
HWF_0001,"Medical doctors (per 10,000)",numeric,AMR,Americas,Country,PAN,Panama,Year,2021,false,,,,,,,,,,,,,17.37,,,,,,17.37,,"NHWA data portal, December 2025 update; https://apps.who.int/nhwaportal/",EN,2026-01-22T16:00:00.000Z
HWF_0001,"Medical doctors (per 10,000)",numeric,EUR,Europe,Country,TKM,Turkmenistan,Year,2021,false,,,,,,,,,,,,,19.17,,,,,,19.17,,"NHWA data portal, December 2025 update; https://apps.who.int/nhwaportal/",EN,2026-01-22T16:00:00.000Z
HWF_0001,"Medical doctors (per 10,000)",numeric,EUR,Europe,Country,TJK,Tajikistan,Year,2021,false,,,,,,,,,,,,,19.49,,,,,,19.49,,"NHWA data portal, December 2025 update; https://apps.who.int/nhwaportal/",EN,2026-01-22T16:00:00.000Z
HWF_0001,"Medical doctors (per 10,000)",numeric,AFR,Africa,Country,BEN,Benin,Year,2021,false,,,,,,,,,,,,,2.05,,,,,,2.05,,"NHWA data portal, December 2025 update; https://apps.who.int/nhwaportal/",EN,2026-01-22T16:00:00.000Z
HWF_0001,"Medical doctors (per 10,000)",numeric,AFR,Africa,Country,MRT,Mauritania,Year,2021,false,,,,,,,,,,,,,2.19,,,,,,2.19,,"NHWA data portal, December 2025 update; https://apps.who.int/nhwaportal/",EN,2026-01-22T16:00:00.000Z
HWF_0001,"Medical doctors (per 10,000)",numeric,AFR,Africa,Country,GNB,Guinea-Bissau,Year,2021,false,,,,,,,,,,,,,2.2,,,,,,2.2,,"NHWA data portal, December 2025 update; https://apps.who.int/nhwaportal/",EN,2026-01-22T16:00:00.000Z
HWF_0001,"Medical doctors (per 10,000)",numeric,AFR,Africa,Country,ZMB,Zambia,Year,2021,false,,,,,,,,,,,,,2.95,,,,,,2.95,,"NHWA data portal, December 2025 update; https://apps.who.int/nhwaportal/",EN,2026-01-22T16:00:00.000Z
HWF_0001,"Medical doctors (per 10,000)",numeric,EMR,Eastern Mediterranean,Country,OMN,Oman,Year,2021,false,,,,,,,,,,,,,20.06,,,,,,20.06,,"NHWA data portal, December 2025 update; https://apps.who.int/nhwaportal/",EN,2026-01-22T16:00:00.000Z
HWF_0001,"Medical doctors (per 10,000)",numeric,AMR,Americas,Country,DOM,Dominican Republic,Year,2021,false,,,,,,,,,,,,,20.29,,,,,,20.29,,"NHWA data portal, December 2025 update; https://apps.who.int/nhwaportal/",EN,2026-01-22T16:00:00.000Z
HWF_0001,"Medical doctors (per 10,000)",numeric,EUR,Europe,Country,TUR,Türkiye,Year,2021,false,,,,,,,,,,,,,21.18,,,,,,21.18,,"NHWA data portal, December 2025 update; https://apps.who.int/nhwaportal/",EN,2026-01-22T16:00:00.000Z
HWF_0001,"Medical doctors (per 10,000)",numeric,AMR,Americas,Country,BRA,Brazil,Year,2021,false,,,,,,,,,,,,,21.91,,,,,,21.91,,"NHWA data portal, December 2025 update; https://apps.who.int/nhwaportal/",EN,2026-01-22T16:00:00.000Z
HWF_0001,"Medical doctors (per 10,000)",numeric,EUR,Europe,Country,UZB,Uzbekistan,Year,2021,false,,,,,,,,,,,,,22.26,,,,,,22.26,,"NHWA data portal, December 2025 update; https://apps.who.int/nhwaportal/",EN,2026-01-22T16:00:00.000Z
HWF_0001,"Medical doctors (per 10,000)",numeric,WPR,Western Pacific,Country,MYS,Malaysia,Year,2021,false,,,,,,,,,,,,,22.68,,,,,,22.68,,"NHWA data portal, December 2025 update; https://apps.who.int/nhwaportal/",EN,2026-01-22T16:00:00.000Z
HWF_0001,"Medical doctors (per 10,000)",numeric,WPR,Western Pacific,Country,BRN,Brunei Darussalam,Year,2021,false,,,,,,,,,,,,,22.98,,,,,,22.98,,"NHWA data portal, December 2025 update; https://apps.who.int/nhwaportal/",EN,2026-01-22T16:00:00.000Z
HWF_0001,"Medical doctors (per 10,000)",numeric,AMR,Americas,Country,COL,Colombia,Year,2021,false,,,,,,,,,,,,,23.78,,,,,,23.78,,"NHWA data portal, December 2025 update; https://apps.who.int/nhwaportal/",EN,2026-01-22T16:00:00.000Z
HWF_0001,"Medical doctors (per 10,000)",numeric,AMR,Americas,Country,CAN,Canada,Year,2021,false,,,,,,,,,,,,,24.44,,,,,,24.44,,"NHWA data portal, December 2025 update; https://apps.who.int/nhwaportal/",EN,2026-01-22T16:00:00.000Z
HWF_0001,"Medical doctors (per 10,000)",numeric,WPR,Western Pacific,Country,CHN,China,Year,2021,false,,,,,,,,,,,,,25.17,,,,,,25.17,,"NHWA data portal, December 2025 update; https://apps.who.int/nhwaportal/",EN,2026-01-22T16:00:00.000Z
HWF_0001,"Medical doctors (per 10,000)",numeric,WPR,Western Pacific,Country,KOR,Republic of Korea,Year,2021,false,,,,,,,,,,,,,25.17,,,,,,25.17,,"NHWA data portal, December 2025 update; https://apps.who.int/nhwaportal/",EN,2026-01-22T16:00:00.000Z
HWF_0001,"Medical doctors (per 10,000)",numeric,AMR,Americas,Country,MEX,Mexico,Year,2021,false,,,,,,,,,,,,,25.41,,,,,,25.41,,"NHWA data portal, December 2025 update; https://apps.who.int/nhwaportal/",EN,2026-01-22T16:00:00.000Z
HWF_0001,"Medical doctors (per 10,000)",numeric,AMR,Americas,Country,CRI,Costa Rica,Year,2021,false,,,,,,,,,,,,,25.64,,,,,,25.64,,"NHWA data portal, December 2025 update; https://apps.who.int/nhwaportal/",EN,2026-01-22T16:00:00.000Z
HWF_0001,"Medical doctors (per 10,000)",numeric,WPR,Western Pacific,Country,SGP,Singapore,Year,2021,false,,,,,,,,,,,,,26.04,,,,,,26.04,,"NHWA data portal, December 2025 update; https://apps.who.int/nhwaportal/",EN,2026-01-22T16:00:00.000Z
HWF_0001,"Medical doctors (per 10,000)",numeric,AMR,Americas,Country,USA,United States of America,Year,2021,false,,,,,,,,,,,,,26.04,,,,,,26.04,,"NHWA data portal, December 2025 update; https://apps.who.int/nhwaportal/",EN,2026-01-22T16:00:00.000Z
HWF_0001,"Medical doctors (per 10,000)",numeric,EMR,Eastern Mediterranean,Country,JOR,Jordan,Year,2021,false,,,,,,,,,,,,,27.76,,,,,,27.76,,"NHWA data portal, December 2025 update; https://apps.who.int/nhwaportal/",EN,2026-01-22T16:00:00.000Z
HWF_0001,"Medical doctors (per 10,000)",numeric,EMR,Eastern Mediterranean,Country,ARE,United Arab Emirates,Year,2021,false,,,,,,,,,,,,,27.86,,,,,,27.86,,"NHWA data portal, December 2025 update; https://apps.who.int/nhwaportal/",EN,2026-01-22T16:00:00.000Z
HWF_0001,"Medical doctors (per 10,000)",numeric,WPR,Western Pacific,Country,PLW,Palau,Year,2021,false,,,,,,,,,,,,,28.09,,,,,,28.09,,"NHWA data portal, December 2025 update; https://apps.who.int/nhwaportal/",EN,2026-01-22T16:00:00.000Z
HWF_0001,"Medical doctors (per 10,000)",numeric,AMR,Americas,Country,BRB,Barbados,Year,2021,false,,,,,,,,,,,,,28.22,,,,,,28.22,,"NHWA data portal, December 2025 update; https://apps.who.int/nhwaportal/",EN,2026-01-22T16:00:00.000Z
HWF_0001,"Medical doctors (per 10,000)",numeric,EUR,Europe,Country,FIN,Finland,Year,2021,false,,,,,,,,,,,,,28.55,,,,,,28.55,,"NHWA data portal, December 2025 update; https://apps.who.int/nhwaportal/",EN,2026-01-22T16:00:00.000Z
HWF_0001,"Medical doctors (per 10,000)",numeric,EUR,Europe,Country,MNE,Montenegro,Year,2021,false,,,,,,,,,,,,,28.78,,,,,,28.78,,"NHWA data portal, December 2025 update; https://apps.who.int/nhwaportal/",EN,2026-01-22T16:00:00.000Z
HWF_0001,"Medical doctors (per 10,000)",numeric,AFR,Africa,Country,MUS,Mauritius,Year,2021,false,,,,,,,,,,,,,29.5,,,,,,29.5,,"NHWA data portal, December 2025 update; https://apps.who.int/nhwaportal/",EN,2026-01-22T16:00:00.000Z
HWF_0001,"Medical doctors (per 10,000)",numeric,AMR,Americas,Country,CHL,Chile,Year,2021,false,,,,,,,,,,,,,29.79,,,,,,29.79,,"NHWA data portal, December 2025 update; https://apps.who.int/nhwaportal/",EN,2026-01-22T16:00:00.000Z
HWF_0001,"Medical doctors (per 10,000)",numeric,WPR,Western Pacific,Country,LAO,Lao People's Democratic Republic,Year,2021,false,,,,,,,,,,,,,3.25,,,,,,3.25,,"NHWA data portal, December 2025 update; https://apps.who.int/nhwaportal/",EN,2026-01-22T16:00:00.000Z
HWF_0001,"Medical doctors (per 10,000)",numeric,AFR,Africa,Country,NGA,Nigeria,Year,2021,false,,,,,,,,,,,,,3.86,,,,,,3.86,,"NHWA data portal, December 2025 update; https://apps.who.int/nhwaportal/",EN,2026-01-22T16:00:00.000Z
HWF_0001,"Medical doctors (per 10,000)",numeric,EUR,Europe,Country,SRB,Serbia,Year,2021,false,,,,,,,,,,,,,30.29,,,,,,30.29,,"NHWA data portal, December 2025 update; https://apps.who.int/nhwaportal/",EN,2026-01-22T16:00:00.000Z
HWF_0001,"Medical doctors (per 10,000)",numeric,EUR,Europe,Country,AZE,Azerbaijan,Year,2021,false,,,,,,,,,,,,,31.23,,,,,,31.23,,"NHWA data portal, December 2025 update; https://apps.who.int/nhwaportal/",EN,2026-01-22T16:00:00.000Z
HWF_0001,"Medical doctors (per 10,000)",numeric,EMR,Eastern Mediterranean,Country,KWT,Kuwait,Year,2021,false,,,,,,,,,,,,,31.43,,,,,,31.43,,"NHWA data portal, December 2025 update; https://apps.who.int/nhwaportal/",EN,2026-01-22T16:00:00.000Z
HWF_0001,"Medical doctors (per 10,000)",numeric,EUR,Europe,Country,GBR,United Kingdom of Great Britain and Northern Ireland,Year,2021,false,,,,,,,,,,,,,31.6,,,,,,31.6,,"NHWA data portal, December 2025 update; https://apps.who.int/nhwaportal/",EN,2026-01-22T16:00:00.000Z
HWF_0001,"Medical doctors (per 10,000)",numeric,EMR,Eastern Mediterranean,Country,SAU,Saudi Arabia,Year,2021,false,,,,,,,,,,,,,32,,,,,,32,,"NHWA data portal, December 2025 update; https://apps.who.int/nhwaportal/",EN,2026-01-22T16:00:00.000Z
HWF_0001,"Medical doctors (per 10,000)",numeric,EUR,Europe,Country,BEL,Belgium,Year,2021,false,,,,,,,,,,,,,32.52,,,,,,32.52,,"NHWA data portal, December 2025 update; https://apps.who.int/nhwaportal/",EN,2026-01-22T16:00:00.000Z
HWF_0001,"Medical doctors (per 10,000)",numeric,AMR,Americas,Country,PRY,Paraguay,Year,2021,false,,,,,,,,,,,,,32.52,,,,,,32.52,,"NHWA data portal, December 2025 update; https://apps.who.int/nhwaportal/",EN,2026-01-22T16:00:00.000Z
HWF_0001,"Medical doctors (per 10,000)",numeric,EUR,Europe,Country,ARM,Armenia,Year,2021,false,,,,,,,,,,,,,32.55,,,,,,32.55,,"NHWA data portal, December 2025 update; https://apps.who.int/nhwaportal/",EN,2026-01-22T16:00:00.000Z
HWF_0001,"Medical doctors (per 10,000)",numeric,EUR,Europe,Country,HUN,Hungary,Year,2021,false,,,,,,,,,,,,,32.99,,,,,,32.99,,"NHWA data portal, December 2025 update; https://apps.who.int/nhwaportal/",EN,2026-01-22T16:00:00.000Z
HWF_0001,"Medical doctors (per 10,000)",numeric,EUR,Europe,Country,SVN,Slovenia,Year,2021,false,,,,,,,,,,,,,33.35,,,,,,33.35,,"NHWA data portal, December 2025 update; https://apps.who.int/nhwaportal/",EN,2026-01-22T16:00:00.000Z
HWF_0001,"Medical doctors (per 10,000)",numeric,EUR,Europe,Country,CYP,Cyprus,Year,2021,false,,,,,,,,,,,,,33.55,,,,,,33.55,,"NHWA data portal, December 2025 update; https://apps.who.int/nhwaportal/",EN,2026-01-22T16:00:00.000Z
HWF_0001,"Medical doctors (per 10,000)",numeric,EUR,Europe,Country,LVA,Latvia,Year,2021,false,,,,,,,,,,,,,33.56,,,,,,33.56,,"NHWA data portal, December 2025 update; https://apps.who.int/nhwaportal/",EN,2026-01-22T16:00:00.000Z
HWF_0001,"Medical doctors (per 10,000)",numeric,EUR,Europe,Country,POL,Poland,Year,2021,false,,,,,,,,,,,,,34.15,,,,,,34.15,,"NHWA data portal, December 2025 update; https://apps.who.int/nhwaportal/",EN,2026-01-22T16:00:00.000Z
HWF_0001,"Medical doctors (per 10,000)",numeric,EUR,Europe,Country,EST,Estonia,Year,2021,false,,,,,,,,,,,,,34.3,,,,,,34.3,,"NHWA data portal, December 2025 update; https://apps.who.int/nhwaportal/",EN,2026-01-22T16:00:00.000Z
HWF_0001,"Medical doctors (per 10,000)",numeric,EUR,Europe,Country,ROU,Romania,Year,2021,false,,,,,,,,,,,,,34.86,,,,,,34.86,,"NHWA data portal, December 2025 update; https://apps.who.int/nhwaportal/",EN,2026-01-22T16:00:00.000Z
HWF_0001,"Medical doctors (per 10,000)",numeric,WPR,Western Pacific,Country,NZL,New Zealand,Year,2021,false,,,,,,,,,,,,,35.31,,,,,,35.31,,"NHWA data portal, December 2025 update; https://apps.who.int/nhwaportal/",EN,2026-01-22T16:00:00.000Z
HWF_0001,"Medical doctors (per 10,000)",numeric,AFR,Africa,Country,SYC,Seychelles,Year,2021,false,,,,,,,,,,,,,36.34,,,,,,36.34,,"NHWA data portal, December 2025 update; https://apps.who.int/nhwaportal/",EN,2026-01-22T16:00:00.000Z
HWF_0001,"Medical doctors (per 10,000)",numeric,EUR,Europe,Country,ISR,Israel,Year,2021,false,,,,,,,,,,,,,36.36,,,,,,36.36,,"NHWA data portal, December 2025 update; https://apps.who.int/nhwaportal/",EN,2026-01-22T16:00:00.000Z
HWF_0001,"Medical doctors (per 10,000)",numeric,EUR,Europe,Country,SVK,Slovakia,Year,2021,false,,,,,,,,,,,,,36.83,,,,,,36.83,,"NHWA data portal, December 2025 update; https://apps.who.int/nhwaportal/",EN,2026-01-22T16:00:00.000Z
HWF_0001,"Medical doctors (per 10,000)",numeric,EUR,Europe,Country,KAZ,Kazakhstan,Year,2021,false,,,,,,,,,,,,,37.11,,,,,,37.11,,"NHWA data portal, December 2025 update; https://apps.who.int/nhwaportal/",EN,2026-01-22T16:00:00.000Z
HWF_0001,"Medical doctors (per 10,000)",numeric,EUR,Europe,Country,HRV,Croatia,Year,2021,false,,,,,,,,,,,,,37.34,,,,,,37.34,,"NHWA data portal, December 2025 update; https://apps.who.int/nhwaportal/",EN,2026-01-22T16:00:00.000Z
HWF_0001,"Medical doctors (per 10,000)",numeric,EUR,Europe,Country,NLD,Netherlands (Kingdom of the),Year,2021,false,,,,,,,,,,,,,38.75,,,,,,38.75,,"NHWA data portal, December 2025 update; https://apps.who.int/nhwaportal/",EN,2026-01-22T16:00:00.000Z
HWF_0001,"Medical doctors (per 10,000)",numeric,WPR,Western Pacific,Country,MNG,Mongolia,Year,2021,false,,,,,,,,,,,,,38.84,,,,,,38.84,,"NHWA data portal, December 2025 update; https://apps.who.int/nhwaportal/",EN,2026-01-22T16:00:00.000Z
HWF_0001,"Medical doctors (per 10,000)",numeric,EUR,Europe,Country,MDA,Republic of Moldova,Year,2021,false,,,,,,,,,,,,,38.86,,,,,,38.86,,"NHWA data portal, December 2025 update; https://apps.who.int/nhwaportal/",EN,2026-01-22T16:00:00.000Z
HWF_0001,"Medical doctors (per 10,000)",numeric,EUR,Europe,Country,FRA,France,Year,2021,false,,,,,,,,,,,,,38.87,,,,,,38.87,,"NHWA data portal, December 2025 update; https://apps.who.int/nhwaportal/",EN,2026-01-22T16:00:00.000Z
HWF_0001,"Medical doctors (per 10,000)",numeric,WPR,Western Pacific,Country,AUS,Australia,Year,2021,false,,,,,,,,,,,,,39.76,,,,,,39.76,,"NHWA data portal, December 2025 update; https://apps.who.int/nhwaportal/",EN,2026-01-22T16:00:00.000Z
HWF_0001,"Medical doctors (per 10,000)",numeric,AFR,Africa,Country,NAM,Namibia,Year,2021,false,,,,,,,,,,,,,4.2,,,,,,4.2,,"NHWA data portal, December 2025 update; https://apps.who.int/nhwaportal/",EN,2026-01-22T16:00:00.000Z
HWF_0001,"Medical doctors (per 10,000)",numeric,AFR,Africa,Country,BWA,Botswana,Year,2021,false,,,,,,,,,,,,,4.22,,,,,,4.22,,"NHWA data portal, December 2025 update; https://apps.who.int/nhwaportal/",EN,2026-01-22T16:00:00.000Z
HWF_0001,"Medical doctors (per 10,000)",numeric,EUR,Europe,Country,IRL,Ireland,Year,2021,false,,,,,,,,,,,,,40.28,,,,,,40.28,,"NHWA data portal, December 2025 update; https://apps.who.int/nhwaportal/",EN,2026-01-22T16:00:00.000Z
HWF_0001,"Medical doctors (per 10,000)",numeric,EUR,Europe,Country,CZE,Czechia,Year,2021,false,,,,,,,,,,,,,42.46,,,,,,42.46,,"NHWA data portal, December 2025 update; https://apps.who.int/nhwaportal/",EN,2026-01-22T16:00:00.000Z
HWF_0001,"Medical doctors (per 10,000)",numeric,EUR,Europe,Country,MLT,Malta,Year,2021,false,,,,,,,,,,,,,42.94,,,,,,42.94,,"NHWA data portal, December 2025 update; https://apps.who.int/nhwaportal/",EN,2026-01-22T16:00:00.000Z
HWF_0001,"Medical doctors (per 10,000)",numeric,EUR,Europe,Country,BGR,Bulgaria,Year,2021,false,,,,,,,,,,,,,42.96,,,,,,42.96,,"NHWA data portal, December 2025 update; https://apps.who.int/nhwaportal/",EN,2026-01-22T16:00:00.000Z
HWF_0001,"Medical doctors (per 10,000)",numeric,EUR,Europe,Country,ISL,Iceland,Year,2021,false,,,,,,,,,,,,,43.77,,,,,,43.77,,"NHWA data portal, December 2025 update; https://apps.who.int/nhwaportal/",EN,2026-01-22T16:00:00.000Z
HWF_0001,"Medical doctors (per 10,000)",numeric,EUR,Europe,Country,SWE,Sweden,Year,2021,false,,,,,,,,,,,,,44.08,,,,,,44.08,,"NHWA data portal, December 2025 update; https://apps.who.int/nhwaportal/",EN,2026-01-22T16:00:00.000Z
HWF_0001,"Medical doctors (per 10,000)",numeric,EUR,Europe,Country,CHE,Switzerland,Year,2021,false,,,,,,,,,,,,,44.35,,,,,,44.35,,"NHWA data portal, December 2025 update; https://apps.who.int/nhwaportal/",EN,2026-01-22T16:00:00.000Z
HWF_0001,"Medical doctors (per 10,000)",numeric,EUR,Europe,Country,ESP,Spain,Year,2021,false,,,,,,,,,,,,,44.59,,,,,,44.59,,"NHWA data portal, December 2025 update; https://apps.who.int/nhwaportal/",EN,2026-01-22T16:00:00.000Z
HWF_0001,"Medical doctors (per 10,000)",numeric,EUR,Europe,Country,LTU,Lithuania,Year,2021,false,,,,,,,,,,,,,44.85,,,,,,44.85,,"NHWA data portal, December 2025 update; https://apps.who.int/nhwaportal/",EN,2026-01-22T16:00:00.000Z
HWF_0001,"Medical doctors (per 10,000)",numeric,EUR,Europe,Country,DNK,Denmark,Year,2021,false,,,,,,,,,,,,,44.98,,,,,,44.98,,"NHWA data portal, December 2025 update; https://apps.who.int/nhwaportal/",EN,2026-01-22T16:00:00.000Z
HWF_0001,"Medical doctors (per 10,000)",numeric,EUR,Europe,Country,DEU,Germany,Year,2021,false,,,,,,,,,,,,,45.03,,,,,,45.03,,"NHWA data portal, December 2025 update; https://apps.who.int/nhwaportal/",EN,2026-01-22T16:00:00.000Z
HWF_0001,"Medical doctors (per 10,000)",numeric,AMR,Americas,Country,URY,Uruguay,Year,2021,false,,,,,,,,,,,,,45.48,,,,,,45.48,,"NHWA data portal, December 2025 update; https://apps.who.int/nhwaportal/",EN,2026-01-22T16:00:00.000Z
HWF_0001,"Medical doctors (per 10,000)",numeric,EUR,Europe,Country,BLR,Belarus,Year,2021,false,,,,,,,,,,,,,46.16,,,,,,46.16,,"NHWA data portal, December 2025 update; https://apps.who.int/nhwaportal/",EN,2026-01-22T16:00:00.000Z
HWF_0001,"Medical doctors (per 10,000)",numeric,EUR,Europe,Country,AND,Andorra,Year,2021,false,,,,,,,,,,,,,47.58,,,,,,47.58,,"NHWA data portal, December 2025 update; https://apps.who.int/nhwaportal/",EN,2026-01-22T16:00:00.000Z
HWF_0001,"Medical doctors (per 10,000)",numeric,EUR,Europe,Country,NOR,Norway,Year,2021,false,,,,,,,,,,,,,47.68,,,,,,47.68,,"NHWA data portal, December 2025 update; https://apps.who.int/nhwaportal/",EN,2026-01-22T16:00:00.000Z
HWF_0001,"Medical doctors (per 10,000)",numeric,SEAR,South-East Asia,Country,THA,Thailand,Year,2021,false,,,,,,,,,,,,,5.41,,,,,,5.41,,"NHWA data portal, December 2025 update; https://apps.who.int/nhwaportal/",EN,2026-01-22T16:00:00.000Z
HWF_0001,"Medical doctors (per 10,000)",numeric,SEAR,South-East Asia,Country,BTN,Bhutan,Year,2021,false,,,,,,,,,,,,,5.61,,,,,,5.61,,"NHWA data portal, December 2025 update; https://apps.who.int/nhwaportal/",EN,2026-01-22T16:00:00.000Z
HWF_0001,"Medical doctors (per 10,000)",numeric,EUR,Europe,Country,RUS,Russian Federation,Year,2021,false,,,,,,,,,,,,,50.87,,,,,,50.87,,"NHWA data portal, December 2025 update; https://apps.who.int/nhwaportal/",EN,2026-01-22T16:00:00.000Z
HWF_0001,"Medical doctors (per 10,000)",numeric,EUR,Europe,Country,ITA,Italy,Year,2021,false,,,,,,,,,,,,,52.4,,,,,,52.4,,"NHWA data portal, December 2025 update; https://apps.who.int/nhwaportal/",EN,2026-01-22T16:00:00.000Z
HWF_0001,"Medical doctors (per 10,000)",numeric,EUR,Europe,Country,GEO,Georgia,Year,2021,false,,,,,,,,,,,,,52.87,,,,,,52.87,,"NHWA data portal, December 2025 update; https://apps.who.int/nhwaportal/",EN,2026-01-22T16:00:00.000Z
HWF_0001,"Medical doctors (per 10,000)",numeric,AMR,Americas,Country,ARG,Argentina,Year,2021,false,,,,,,,,,,,,,53.62,,,,,,53.62,,"NHWA data portal, December 2025 update; https://apps.who.int/nhwaportal/",EN,2026-01-22T16:00:00.000Z
HWF_0001,"Medical doctors (per 10,000)",numeric,EUR,Europe,Country,AUT,Austria,Year,2021,false,,,,,,,,,,,,,54.02,,,,,,54.02,,"NHWA data portal, December 2025 update; https://apps.who.int/nhwaportal/",EN,2026-01-22T16:00:00.000Z
HWF_0001,"Medical doctors (per 10,000)",numeric,EUR,Europe,Country,PRT,Portugal,Year,2021,false,,,,,,,,,,,,,57.11,,,,,,57.11,,"NHWA data portal, December 2025 update; https://apps.who.int/nhwaportal/",EN,2026-01-22T16:00:00.000Z
HWF_0001,"Medical doctors (per 10,000)",numeric,SEAR,South-East Asia,Country,BGD,Bangladesh,Year,2021,false,,,,,,,,,,,,,6.77,,,,,,6.77,,"NHWA data portal, December 2025 update; https://apps.who.int/nhwaportal/",EN,2026-01-22T16:00:00.000Z
HWF_0001,"Medical doctors (per 10,000)",numeric,WPR,Western Pacific,Country,IDN,Indonesia,Year,2021,false,,,,,,,,,,,,,6.88,,,,,,6.88,,"NHWA data portal, December 2025 update; https://apps.who.int/nhwaportal/",EN,2026-01-22T16:00:00.000Z
HWF_0001,"Medical doctors (per 10,000)",numeric,EUR,Europe,Country,GRC,Greece,Year,2021,false,,,,,,,,,,,,,63.66,,,,,,63.66,,"NHWA data portal, December 2025 update; https://apps.who.int/nhwaportal/",EN,2026-01-22T16:00:00.000Z
HWF_0001,"Medical doctors (per 10,000)",numeric,AFR,Africa,Country,CPV,Cabo Verde,Year,2021,false,,,,,,,,,,,,,7.32,,,,,,7.32,,"NHWA data portal, December 2025 update; https://apps.who.int/nhwaportal/",EN,2026-01-22T16:00:00.000Z
HWF_0001,"Medical doctors (per 10,000)",numeric,EMR,Eastern Mediterranean,Country,MAR,Morocco,Year,2021,false,,,,,,,,,,,,,7.55,,,,,,7.55,,"NHWA data portal, December 2025 update; https://apps.who.int/nhwaportal/",EN,2026-01-22T16:00:00.000Z
HWF_0001,"Medical doctors (per 10,000)",numeric,AFR,Africa,Country,ZAF,South Africa,Year,2021,false,,,,,,,,,,,,,7.81,,,,,,7.81,,"NHWA data portal, December 2025 update; https://apps.who.int/nhwaportal/",EN,2026-01-22T16:00:00.000Z
HWF_0001,"Medical doctors (per 10,000)",numeric,WPR,Western Pacific,Country,PHL,Philippines,Year,2021,false,,,,,,,,,,,,,7.92,,,,,,7.92,,"NHWA data portal, December 2025 update; https://apps.who.int/nhwaportal/",EN,2026-01-22T16:00:00.000Z
HWF_0001,"Medical doctors (per 10,000)",numeric,SEAR,South-East Asia,Country,NPL,Nepal,Year,2021,false,,,,,,,,,,,,,8.84,,,,,,8.84,,"NHWA data portal, December 2025 update; https://apps.who.int/nhwaportal/",EN,2026-01-22T16:00:00.000Z
HWF_0001,"Medical doctors (per 10,000)",numeric,SEAR,South-East Asia,Country,IND,India,Year,2021,false,,,,,,,,,,,,,9.2,,,,,,9.2,,"NHWA data portal, December 2025 update; https://apps.who.int/nhwaportal/",EN,2026-01-22T16:00:00.000Z
HWF_0001,"Medical doctors (per 10,000)",numeric,AMR,Americas,Country,NIC,Nicaragua,Year,2021,false,,,,,,,,,,,,,9.31,,,,,,9.31,,"NHWA data portal, December 2025 update; https://apps.who.int/nhwaportal/",EN,2026-01-22T16:00:00.000Z
HWF_0001,"Medical doctors (per 10,000)",numeric,EMR,Eastern Mediterranean,Country,IRQ,Iraq,Year,2021,false,,,,,,,,,,,,,9.83,,,,,,9.83,,"NHWA data portal, December 2025 update; https://apps.who.int/nhwaportal/",EN,2026-01-22T16:00:00.000Z
HWF_0001,"Medical doctors (per 10,000)",numeric,AMR,Americas,Country,CUB,Cuba,Year,2021,false,,,,,,,,,,,,,95.42,,,,,,95.42,,"NHWA data portal, December 2025 update; https://apps.who.int/nhwaportal/",EN,2026-01-22T16:00:00.000Z
